,ITE120,ITE362,ITE240,ITE441,ITE221,ITE254,ITE210,ITE220,ITE475,ITE222,ITE321,ITE343,ITE367,ITE337,ITE446,ITE448,
G1
I1
J1
A3
B3
C3
F3
G3
H3
K3
L3
M3
Name3
P3
Q3
R3
S3
T3
U3
A4
B4
C4
D4
F4
G4
H4
I4
J4
L4
Q4
R4
S4
T4
U4
F5
G5
H5
I5
J5
Q5
A6
B6
D6
F6
H6
L6
Q6
S6
T6
D7
F7
G7
H7
I7
J7
L7
T7
A8
B8
C8
D8
L8
S8
T8
U8
A9
B9
C9
D9
F9
G9
H9
I9
J9
L9
Q9
S9
T9
U9
A10
B10
C10
D10
L10
T10
U10
A11
C11
F11
G11
H11
L11
Q11
S11
T11
A14
C14
D14
F14
H14
L14
Q14
T14
GIJABCFGHKLMNamePQRSTUABCDFGHIJLQRSTUFGHIJQABDFHLQSTDFGHIJLTABCDLSTUABCDFGHIJLQSTUABCDLTUACFGHLQSTACDFHLQT
